genre,filename,duration,sample_rate,file_size_mb
blues,blues.00000.wav,30.013333333333332,22050,1.2623138427734375
blues,blues.00001.wav,30.013333333333332,22050,1.2623138427734375
blues,blues.00002.wav,30.013333333333332,22050,1.2623138427734375
blues,blues.00003.wav,30.013333333333332,22050,1.2623138427734375
blues,blues.00004.wav,30.013333333333332,22050,1.2623138427734375
blues,blues.00005.wav,30.013333333333332,22050,1.2623138427734375
blues,blues.00006.wav,30.013333333333332,22050,1.2623138427734375
blues,blues.00007.wav,30.013333333333332,22050,1.2623138427734375
blues,blues.00008.wav,30.013333333333332,22050,1.2623138427734375
blues,blues.00009.wav,30.013333333333332,22050,1.2623138427734375
blues,blues.00010.wav,30.013333333333332,22050,1.2623138427734375
blues,blues.00011.wav,30.013333333333332,22050,1.2623138427734375
blues,blues.00012.wav,30.013333333333332,22050,1.2623138427734375
blues,blues.00013.wav,30.013333333333332,22050,1.2623138427734375
blues,blues.00014.wav,30.013333333333332,22050,1.2623138427734375
blues,blues.00015.wav,30.013333333333332,22050,1.2623138427734375
blues,blues.00016.wav,30.013333333333332,22050,1.2623138427734375
blues,blues.00017.wav,30.013333333333332,22050,1.2623138427734375
blues,blues.00018.wav,30.013333333333332,22050,1.2623138427734375
blues,blues.00019.wav,30.013333333333332,22050,1.2623138427734375
blues,blues.00020.wav,30.013333333333332,22050,1.2623138427734375
blues,blues.00021.wav,30.013333333333332,22050,1.2623138427734375
blues,blues.00022.wav,30.013333333333332,22050,1.2623138427734375
blues,blues.00023.wav,30.013333333333332,22050,1.2623138427734375
blues,blues.00024.wav,30.013333333333332,22050,1.2623138427734375
blues,blues.00025.wav,30.013333333333332,22050,1.2623138427734375
blues,blues.00026.wav,30.013333333333332,22050,1.2623138427734375
blues,blues.00027.wav,30.013333333333332,22050,1.2623138427734375
blues,blues.00028.wav,30.013333333333332,22050,1.2623138427734375
blues,blues.00029.wav,30.013333333333332,22050,1.2623138427734375
blues,blues.00030.wav,30.013333333333332,22050,1.2623138427734375
blues,blues.00031.wav,30.013333333333332,22050,1.2623138427734375
blues,blues.00032.wav,30.013333333333332,22050,1.2623138427734375
blues,blues.00033.wav,30.013333333333332,22050,1.2623138427734375
blues,blues.00034.wav,30.013333333333332,22050,1.2623138427734375
blues,blues.00035.wav,30.013333333333332,22050,1.2623138427734375
blues,blues.00036.wav,30.013333333333332,22050,1.2623138427734375
blues,blues.00037.wav,30.013333333333332,22050,1.2623138427734375
blues,blues.00038.wav,30.013333333333332,22050,1.2623138427734375
blues,blues.00039.wav,30.013333333333332,22050,1.2623138427734375
blues,blues.00040.wav,30.013333333333332,22050,1.2623138427734375
blues,blues.00041.wav,30.013333333333332,22050,1.2623138427734375
blues,blues.00042.wav,30.013333333333332,22050,1.2623138427734375
blues,blues.00043.wav,30.013333333333332,22050,1.2623138427734375
blues,blues.00044.wav,30.013333333333332,22050,1.2623138427734375
blues,blues.00045.wav,30.013333333333332,22050,1.2623138427734375
blues,blues.00046.wav,30.013333333333332,22050,1.2623138427734375
blues,blues.00047.wav,30.013333333333332,22050,1.2623138427734375
blues,blues.00048.wav,30.013333333333332,22050,1.2623138427734375
blues,blues.00049.wav,30.013333333333332,22050,1.2623138427734375
blues,blues.00050.wav,30.013333333333332,22050,1.2623138427734375
blues,blues.00051.wav,30.013333333333332,22050,1.2623138427734375
blues,blues.00052.wav,30.013333333333332,22050,1.2623138427734375
blues,blues.00053.wav,30.013333333333332,22050,1.2623138427734375
blues,blues.00054.wav,30.013333333333332,22050,1.2623138427734375
blues,blues.00055.wav,30.013333333333332,22050,1.2623138427734375
blues,blues.00056.wav,30.013333333333332,22050,1.2623138427734375
blues,blues.00057.wav,30.013333333333332,22050,1.2623138427734375
blues,blues.00058.wav,30.013333333333332,22050,1.2623138427734375
blues,blues.00059.wav,30.013333333333332,22050,1.2623138427734375
blues,blues.00060.wav,30.013333333333332,22050,1.2623138427734375
blues,blues.00061.wav,30.013333333333332,22050,1.2623138427734375
blues,blues.00062.wav,30.013333333333332,22050,1.2623138427734375
blues,blues.00063.wav,30.013333333333332,22050,1.2623138427734375
blues,blues.00064.wav,30.013333333333332,22050,1.2623138427734375
blues,blues.00065.wav,30.013333333333332,22050,1.2623138427734375
blues,blues.00066.wav,30.013333333333332,22050,1.2623138427734375
blues,blues.00067.wav,30.013333333333332,22050,1.2623138427734375
blues,blues.00068.wav,30.013333333333332,22050,1.2623138427734375
blues,blues.00069.wav,30.013333333333332,22050,1.2623138427734375
blues,blues.00070.wav,30.013333333333332,22050,1.2623138427734375
blues,blues.00071.wav,30.013333333333332,22050,1.2623138427734375
blues,blues.00072.wav,30.013333333333332,22050,1.2623138427734375
blues,blues.00073.wav,30.013333333333332,22050,1.2623138427734375
blues,blues.00074.wav,30.013333333333332,22050,1.2623138427734375
blues,blues.00075.wav,30.013333333333332,22050,1.2623138427734375
blues,blues.00076.wav,30.013333333333332,22050,1.2623138427734375
blues,blues.00077.wav,30.013333333333332,22050,1.2623138427734375
blues,blues.00078.wav,30.013333333333332,22050,1.2623138427734375
blues,blues.00079.wav,30.013333333333332,22050,1.2623138427734375
blues,blues.00080.wav,30.013333333333332,22050,1.2623138427734375
blues,blues.00081.wav,30.013333333333332,22050,1.2623138427734375
blues,blues.00082.wav,30.013333333333332,22050,1.2623138427734375
blues,blues.00083.wav,30.013333333333332,22050,1.2623138427734375
blues,blues.00084.wav,30.013333333333332,22050,1.2623138427734375
blues,blues.00085.wav,30.013333333333332,22050,1.2623138427734375
blues,blues.00086.wav,30.013333333333332,22050,1.2623138427734375
blues,blues.00087.wav,30.013333333333332,22050,1.2623138427734375
blues,blues.00088.wav,30.013333333333332,22050,1.2623138427734375
blues,blues.00089.wav,30.013333333333332,22050,1.2623138427734375
blues,blues.00090.wav,30.013333333333332,22050,1.2623138427734375
blues,blues.00091.wav,30.013333333333332,22050,1.2623138427734375
blues,blues.00092.wav,30.013333333333332,22050,1.2623138427734375
blues,blues.00093.wav,30.013333333333332,22050,1.2623138427734375
blues,blues.00094.wav,30.013333333333332,22050,1.2623138427734375
blues,blues.00095.wav,30.013333333333332,22050,1.2623138427734375
blues,blues.00096.wav,30.013333333333332,22050,1.2623138427734375
blues,blues.00097.wav,30.013333333333332,22050,1.2623138427734375
blues,blues.00098.wav,30.013333333333332,22050,1.2623138427734375
blues,blues.00099.wav,30.013333333333332,22050,1.2623138427734375
classical,classical.00000.wav,30.013333333333332,22050,1.2623138427734375
classical,classical.00001.wav,30.013333333333332,22050,1.2623138427734375
classical,classical.00002.wav,30.013333333333332,22050,1.2623138427734375
classical,classical.00003.wav,30.013333333333332,22050,1.2623138427734375
classical,classical.00004.wav,30.013333333333332,22050,1.2623138427734375
classical,classical.00005.wav,30.013333333333332,22050,1.2623138427734375
classical,classical.00006.wav,30.013333333333332,22050,1.2623138427734375
classical,classical.00007.wav,30.013333333333332,22050,1.2623138427734375
classical,classical.00008.wav,30.013333333333332,22050,1.2623138427734375
classical,classical.00009.wav,30.013333333333332,22050,1.2623138427734375
classical,classical.00010.wav,30.013333333333332,22050,1.2623138427734375
classical,classical.00011.wav,30.013333333333332,22050,1.2623138427734375
classical,classical.00012.wav,30.013333333333332,22050,1.2623138427734375
classical,classical.00013.wav,30.013333333333332,22050,1.2623138427734375
classical,classical.00014.wav,30.013333333333332,22050,1.2623138427734375
classical,classical.00015.wav,30.013333333333332,22050,1.2623138427734375
classical,classical.00016.wav,30.013333333333332,22050,1.2623138427734375
classical,classical.00017.wav,30.013333333333332,22050,1.2623138427734375
classical,classical.00018.wav,30.013333333333332,22050,1.2623138427734375
classical,classical.00019.wav,30.013333333333332,22050,1.2623138427734375
classical,classical.00020.wav,30.013333333333332,22050,1.2623138427734375
classical,classical.00021.wav,30.013333333333332,22050,1.2623138427734375
classical,classical.00022.wav,30.013333333333332,22050,1.2623138427734375
classical,classical.00023.wav,30.013333333333332,22050,1.2623138427734375
classical,classical.00024.wav,30.013333333333332,22050,1.2623138427734375
classical,classical.00025.wav,30.013333333333332,22050,1.2623138427734375
classical,classical.00026.wav,30.013333333333332,22050,1.2623138427734375
classical,classical.00027.wav,30.013333333333332,22050,1.2623138427734375
classical,classical.00028.wav,30.013333333333332,22050,1.2623138427734375
classical,classical.00029.wav,30.013333333333332,22050,1.2623138427734375
classical,classical.00030.wav,30.013333333333332,22050,1.2623138427734375
classical,classical.00031.wav,30.013333333333332,22050,1.2623138427734375
classical,classical.00032.wav,30.013333333333332,22050,1.2623138427734375
classical,classical.00033.wav,30.013333333333332,22050,1.2623138427734375
classical,classical.00034.wav,30.013333333333332,22050,1.2623138427734375
classical,classical.00035.wav,30.013333333333332,22050,1.2623138427734375
classical,classical.00036.wav,30.013333333333332,22050,1.2623138427734375
classical,classical.00037.wav,30.013333333333332,22050,1.2623138427734375
classical,classical.00038.wav,30.013333333333332,22050,1.2623138427734375
classical,classical.00039.wav,30.013333333333332,22050,1.2623138427734375
classical,classical.00040.wav,30.013333333333332,22050,1.2623138427734375
classical,classical.00041.wav,30.013333333333332,22050,1.2623138427734375
classical,classical.00042.wav,30.370975056689343,22050,1.2773551940917969
classical,classical.00043.wav,30.00798185941043,22050,1.2620887756347656
classical,classical.00044.wav,30.013333333333332,22050,1.2623138427734375
classical,classical.00045.wav,30.17142857142857,22050,1.2689628601074219
classical,classical.00046.wav,30.011791383219954,22050,1.2622489929199219
classical,classical.00047.wav,30.013333333333332,22050,1.2623138427734375
classical,classical.00048.wav,30.091609977324264,22050,1.2656059265136719
classical,classical.00049.wav,29.995827664399094,22050,1.2615776062011719
classical,classical.00050.wav,30.013333333333332,22050,1.2623138427734375
classical,classical.00051.wav,29.992925170068027,22050,1.2614555358886719
classical,classical.00052.wav,30.013333333333332,22050,1.2623138427734375
classical,classical.00053.wav,30.39092970521542,22050,1.2781944274902344
classical,classical.00054.wav,30.488979591836735,22050,1.282318115234375
classical,classical.00055.wav,30.013333333333332,22050,1.2623138427734375
classical,classical.00056.wav,30.071655328798187,22050,1.2647666931152344
classical,classical.00057.wav,30.013333333333332,22050,1.2623138427734375
classical,classical.00058.wav,30.013333333333332,22050,1.2623138427734375
classical,classical.00059.wav,30.013333333333332,22050,1.2623138427734375
classical,classical.00060.wav,30.013333333333332,22050,1.2623138427734375
classical,classical.00061.wav,30.013333333333332,22050,1.2623138427734375
classical,classical.00062.wav,30.013333333333332,22050,1.2623138427734375
classical,classical.00063.wav,30.013333333333332,22050,1.2623138427734375
classical,classical.00064.wav,30.013333333333332,22050,1.2623138427734375
classical,classical.00065.wav,30.013333333333332,22050,1.2623138427734375
classical,classical.00066.wav,30.013333333333332,22050,1.2623138427734375
classical,classical.00067.wav,30.013333333333332,22050,1.2623138427734375
classical,classical.00068.wav,30.013333333333332,22050,1.2623138427734375
classical,classical.00069.wav,30.013333333333332,22050,1.2623138427734375
classical,classical.00070.wav,30.013333333333332,22050,1.2623138427734375
classical,classical.00071.wav,30.013333333333332,22050,1.2623138427734375
classical,classical.00072.wav,30.013333333333332,22050,1.2623138427734375
classical,classical.00073.wav,30.013333333333332,22050,1.2623138427734375
classical,classical.00074.wav,30.013333333333332,22050,1.2623138427734375
classical,classical.00075.wav,30.013333333333332,22050,1.2623138427734375
classical,classical.00076.wav,30.013333333333332,22050,1.2623138427734375
classical,classical.00077.wav,30.013333333333332,22050,1.2623138427734375
classical,classical.00078.wav,30.013333333333332,22050,1.2623138427734375
classical,classical.00079.wav,30.013333333333332,22050,1.2623138427734375
classical,classical.00080.wav,30.013333333333332,22050,1.2623138427734375
classical,classical.00081.wav,30.013333333333332,22050,1.2623138427734375
classical,classical.00082.wav,30.013333333333332,22050,1.2623138427734375
classical,classical.00083.wav,30.013333333333332,22050,1.2623138427734375
classical,classical.00084.wav,30.013333333333332,22050,1.2623138427734375
classical,classical.00085.wav,30.013333333333332,22050,1.2623138427734375
classical,classical.00086.wav,30.013333333333332,22050,1.2623138427734375
classical,classical.00087.wav,30.013333333333332,22050,1.2623138427734375
classical,classical.00088.wav,30.013333333333332,22050,1.2623138427734375
classical,classical.00089.wav,30.013333333333332,22050,1.2623138427734375
classical,classical.00090.wav,30.013333333333332,22050,1.2623138427734375
classical,classical.00091.wav,30.013333333333332,22050,1.2623138427734375
classical,classical.00092.wav,30.013333333333332,22050,1.2623138427734375
classical,classical.00093.wav,30.013333333333332,22050,1.2623138427734375
classical,classical.00094.wav,30.013333333333332,22050,1.2623138427734375
classical,classical.00095.wav,30.013333333333332,22050,1.2623138427734375
classical,classical.00096.wav,30.013333333333332,22050,1.2623138427734375
classical,classical.00097.wav,30.013333333333332,22050,1.2623138427734375
classical,classical.00098.wav,30.013333333333332,22050,1.2623138427734375
classical,classical.00099.wav,30.013333333333332,22050,1.2623138427734375
country,country.00000.wav,30.081632653061224,22050,1.2651863098144531
country,country.00001.wav,30.011791383219954,22050,1.2622489929199219
country,country.00002.wav,30.370975056689343,22050,1.2773551940917969
country,country.00003.wav,29.995827664399094,22050,1.2615776062011719
country,country.00004.wav,29.995827664399094,22050,1.2615776062011719
country,country.00005.wav,30.24126984126984,22050,1.2719001770019531
country,country.00006.wav,30.331065759637188,22050,1.2756767272949219
country,country.00007.wav,29.98185941043084,22050,1.2609901428222656
country,country.00008.wav,30.1015873015873,22050,1.2660255432128906
country,country.00009.wav,30.081632653061224,22050,1.2651863098144531
country,country.00010.wav,30.013333333333332,22050,1.2623138427734375
country,country.00011.wav,30.013333333333332,22050,1.2623138427734375
country,country.00012.wav,30.013333333333332,22050,1.2623138427734375
country,country.00013.wav,30.013333333333332,22050,1.2623138427734375
country,country.00014.wav,30.013333333333332,22050,1.2623138427734375
country,country.00015.wav,30.013333333333332,22050,1.2623138427734375
country,country.00016.wav,30.013333333333332,22050,1.2623138427734375
country,country.00017.wav,30.013333333333332,22050,1.2623138427734375
country,country.00018.wav,30.013333333333332,22050,1.2623138427734375
country,country.00019.wav,30.013333333333332,22050,1.2623138427734375
country,country.00020.wav,30.013333333333332,22050,1.2623138427734375
country,country.00021.wav,30.013333333333332,22050,1.2623138427734375
country,country.00022.wav,30.013333333333332,22050,1.2623138427734375
country,country.00023.wav,30.013333333333332,22050,1.2623138427734375
country,country.00024.wav,30.013333333333332,22050,1.2623138427734375
country,country.00025.wav,30.013333333333332,22050,1.2623138427734375
country,country.00026.wav,30.013333333333332,22050,1.2623138427734375
country,country.00027.wav,30.013333333333332,22050,1.2623138427734375
country,country.00028.wav,30.013333333333332,22050,1.2623138427734375
country,country.00029.wav,30.013333333333332,22050,1.2623138427734375
country,country.00030.wav,30.013333333333332,22050,1.2623138427734375
country,country.00031.wav,30.013333333333332,22050,1.2623138427734375
country,country.00032.wav,30.013333333333332,22050,1.2623138427734375
country,country.00033.wav,30.013333333333332,22050,1.2623138427734375
country,country.00034.wav,30.013333333333332,22050,1.2623138427734375
country,country.00035.wav,30.013333333333332,22050,1.2623138427734375
country,country.00036.wav,30.013333333333332,22050,1.2623138427734375
country,country.00037.wav,30.013333333333332,22050,1.2623138427734375
country,country.00038.wav,30.013333333333332,22050,1.2623138427734375
country,country.00039.wav,30.013333333333332,22050,1.2623138427734375
country,country.00040.wav,30.013333333333332,22050,1.2623138427734375
country,country.00041.wav,30.013333333333332,22050,1.2623138427734375
country,country.00042.wav,30.013333333333332,22050,1.2623138427734375
country,country.00043.wav,30.013333333333332,22050,1.2623138427734375
country,country.00044.wav,30.013333333333332,22050,1.2623138427734375
country,country.00045.wav,30.013333333333332,22050,1.2623138427734375
country,country.00046.wav,30.013333333333332,22050,1.2623138427734375
country,country.00047.wav,30.013333333333332,22050,1.2623138427734375
country,country.00048.wav,30.013333333333332,22050,1.2623138427734375
country,country.00049.wav,30.013333333333332,22050,1.2623138427734375
country,country.00050.wav,30.013333333333332,22050,1.2623138427734375
country,country.00051.wav,30.013333333333332,22050,1.2623138427734375
country,country.00052.wav,30.013333333333332,22050,1.2623138427734375
country,country.00053.wav,30.013333333333332,22050,1.2623138427734375
country,country.00054.wav,30.013333333333332,22050,1.2623138427734375
country,country.00055.wav,30.013333333333332,22050,1.2623138427734375
country,country.00056.wav,30.013333333333332,22050,1.2623138427734375
country,country.00057.wav,30.013333333333332,22050,1.2623138427734375
country,country.00058.wav,30.013333333333332,22050,1.2623138427734375
country,country.00059.wav,30.013333333333332,22050,1.2623138427734375
country,country.00060.wav,30.013333333333332,22050,1.2623138427734375
country,country.00061.wav,30.013333333333332,22050,1.2623138427734375
country,country.00062.wav,30.013333333333332,22050,1.2623138427734375
country,country.00063.wav,30.013333333333332,22050,1.2623138427734375
country,country.00064.wav,30.013333333333332,22050,1.2623138427734375
country,country.00065.wav,30.013333333333332,22050,1.2623138427734375
country,country.00066.wav,30.013333333333332,22050,1.2623138427734375
country,country.00067.wav,30.013333333333332,22050,1.2623138427734375
country,country.00068.wav,30.013333333333332,22050,1.2623138427734375
country,country.00069.wav,30.013333333333332,22050,1.2623138427734375
country,country.00070.wav,30.013333333333332,22050,1.2623138427734375
country,country.00071.wav,30.013333333333332,22050,1.2623138427734375
country,country.00072.wav,30.013333333333332,22050,1.2623138427734375
country,country.00073.wav,30.013333333333332,22050,1.2623138427734375
country,country.00074.wav,30.013333333333332,22050,1.2623138427734375
country,country.00075.wav,30.013333333333332,22050,1.2623138427734375
country,country.00076.wav,30.013333333333332,22050,1.2623138427734375
country,country.00077.wav,30.013333333333332,22050,1.2623138427734375
country,country.00078.wav,30.013333333333332,22050,1.2623138427734375
country,country.00079.wav,30.013333333333332,22050,1.2623138427734375
country,country.00080.wav,30.013333333333332,22050,1.2623138427734375
country,country.00081.wav,30.013333333333332,22050,1.2623138427734375
country,country.00082.wav,30.013333333333332,22050,1.2623138427734375
country,country.00083.wav,30.013333333333332,22050,1.2623138427734375
country,country.00084.wav,30.013333333333332,22050,1.2623138427734375
country,country.00085.wav,30.013333333333332,22050,1.2623138427734375
country,country.00086.wav,30.013333333333332,22050,1.2623138427734375
country,country.00087.wav,30.013333333333332,22050,1.2623138427734375
country,country.00088.wav,30.013333333333332,22050,1.2623138427734375
country,country.00089.wav,30.013333333333332,22050,1.2623138427734375
country,country.00090.wav,30.013333333333332,22050,1.2623138427734375
country,country.00091.wav,30.013333333333332,22050,1.2623138427734375
country,country.00092.wav,30.013333333333332,22050,1.2623138427734375
country,country.00093.wav,30.013333333333332,22050,1.2623138427734375
country,country.00094.wav,30.013333333333332,22050,1.2623138427734375
country,country.00095.wav,30.013333333333332,22050,1.2623138427734375
country,country.00096.wav,30.013333333333332,22050,1.2623138427734375
country,country.00097.wav,30.013333333333332,22050,1.2623138427734375
country,country.00098.wav,30.013333333333332,22050,1.2623138427734375
country,country.00099.wav,30.013333333333332,22050,1.2623138427734375
disco,disco.00000.wav,30.12154195011338,22050,1.2668647766113281
disco,disco.00001.wav,30.211337868480726,22050,1.2706413269042969
disco,disco.00002.wav,30.013333333333332,22050,1.2623138427734375
disco,disco.00003.wav,30.301133786848073,22050,1.2744178771972656
disco,disco.00004.wav,30.013333333333332,22050,1.2623138427734375
disco,disco.00005.wav,30.291156462585032,22050,1.2739982604980469
disco,disco.00006.wav,30.00798185941043,22050,1.2620887756347656
disco,disco.00007.wav,30.013333333333332,22050,1.2623138427734375
disco,disco.00008.wav,30.161451247165534,22050,1.2685432434082031
disco,disco.00009.wav,30.013333333333332,22050,1.2623138427734375
disco,disco.00010.wav,30.011791383219954,22050,1.2622489929199219
disco,disco.00011.wav,30.013333333333332,22050,1.2623138427734375
disco,disco.00012.wav,30.091609977324264,22050,1.2656059265136719
disco,disco.00013.wav,30.013333333333332,22050,1.2623138427734375
disco,disco.00014.wav,29.992925170068027,22050,1.2614555358886719
disco,disco.00015.wav,30.013333333333332,22050,1.2623138427734375
disco,disco.00016.wav,30.291156462585032,22050,1.2739982604980469
disco,disco.00017.wav,30.013333333333332,22050,1.2623138427734375
disco,disco.00018.wav,30.013333333333332,22050,1.2623138427734375
disco,disco.00019.wav,30.013333333333332,22050,1.2623138427734375
disco,disco.00020.wav,30.013333333333332,22050,1.2623138427734375
disco,disco.00021.wav,30.013333333333332,22050,1.2623138427734375
disco,disco.00022.wav,30.013333333333332,22050,1.2623138427734375
disco,disco.00023.wav,30.013333333333332,22050,1.2623138427734375
disco,disco.00024.wav,30.013333333333332,22050,1.2623138427734375
disco,disco.00025.wav,30.013333333333332,22050,1.2623138427734375
disco,disco.00026.wav,30.013333333333332,22050,1.2623138427734375
disco,disco.00027.wav,30.013333333333332,22050,1.2623138427734375
disco,disco.00028.wav,30.013333333333332,22050,1.2623138427734375
disco,disco.00029.wav,30.013333333333332,22050,1.2623138427734375
disco,disco.00030.wav,30.013333333333332,22050,1.2623138427734375
disco,disco.00031.wav,30.013333333333332,22050,1.2623138427734375
disco,disco.00032.wav,30.013333333333332,22050,1.2623138427734375
disco,disco.00033.wav,30.013333333333332,22050,1.2623138427734375
disco,disco.00034.wav,30.013333333333332,22050,1.2623138427734375
disco,disco.00035.wav,30.013333333333332,22050,1.2623138427734375
disco,disco.00036.wav,30.013333333333332,22050,1.2623138427734375
disco,disco.00037.wav,30.013333333333332,22050,1.2623138427734375
disco,disco.00038.wav,30.013333333333332,22050,1.2623138427734375
disco,disco.00039.wav,30.013333333333332,22050,1.2623138427734375
disco,disco.00040.wav,30.013333333333332,22050,1.2623138427734375
disco,disco.00041.wav,30.013333333333332,22050,1.2623138427734375
disco,disco.00042.wav,30.013333333333332,22050,1.2623138427734375
disco,disco.00043.wav,30.013333333333332,22050,1.2623138427734375
disco,disco.00044.wav,30.013333333333332,22050,1.2623138427734375
disco,disco.00045.wav,30.013333333333332,22050,1.2623138427734375
disco,disco.00046.wav,30.00018140589569,22050,1.2617607116699219
disco,disco.00047.wav,30.00018140589569,22050,1.2617607116699219
disco,disco.00048.wav,30.00018140589569,22050,1.2617607116699219
disco,disco.00049.wav,30.00018140589569,22050,1.2617607116699219
disco,disco.00050.wav,30.00018140589569,22050,1.2617607116699219
disco,disco.00051.wav,30.00018140589569,22050,1.2617607116699219
disco,disco.00052.wav,30.00018140589569,22050,1.2617607116699219
disco,disco.00053.wav,30.00018140589569,22050,1.2617607116699219
disco,disco.00054.wav,30.00018140589569,22050,1.2617607116699219
disco,disco.00055.wav,30.00018140589569,22050,1.2617607116699219
disco,disco.00056.wav,30.00018140589569,22050,1.2617607116699219
disco,disco.00057.wav,30.00018140589569,22050,1.2617607116699219
disco,disco.00058.wav,30.00018140589569,22050,1.2617607116699219
disco,disco.00059.wav,30.00018140589569,22050,1.2617607116699219
disco,disco.00060.wav,30.00018140589569,22050,1.2617607116699219
disco,disco.00061.wav,30.00018140589569,22050,1.2617607116699219
disco,disco.00062.wav,30.00018140589569,22050,1.2617607116699219
disco,disco.00063.wav,30.00018140589569,22050,1.2617607116699219
disco,disco.00064.wav,30.00018140589569,22050,1.2617607116699219
disco,disco.00065.wav,30.00018140589569,22050,1.2617607116699219
disco,disco.00066.wav,30.00018140589569,22050,1.2617607116699219
disco,disco.00067.wav,30.00018140589569,22050,1.2617607116699219
disco,disco.00068.wav,30.00018140589569,22050,1.2617607116699219
disco,disco.00069.wav,30.00018140589569,22050,1.2617607116699219
disco,disco.00070.wav,30.00018140589569,22050,1.2617607116699219
disco,disco.00071.wav,30.00018140589569,22050,1.2617607116699219
disco,disco.00072.wav,30.00018140589569,22050,1.2617607116699219
disco,disco.00073.wav,30.00018140589569,22050,1.2617607116699219
disco,disco.00074.wav,30.00018140589569,22050,1.2617607116699219
disco,disco.00075.wav,30.00018140589569,22050,1.2617607116699219
disco,disco.00076.wav,30.00018140589569,22050,1.2617607116699219
disco,disco.00077.wav,30.00018140589569,22050,1.2617607116699219
disco,disco.00078.wav,30.00018140589569,22050,1.2617607116699219
disco,disco.00079.wav,30.00018140589569,22050,1.2617607116699219
disco,disco.00080.wav,30.00018140589569,22050,1.2617607116699219
disco,disco.00081.wav,30.00018140589569,22050,1.2617607116699219
disco,disco.00082.wav,30.00018140589569,22050,1.2617607116699219
disco,disco.00083.wav,30.00018140589569,22050,1.2617607116699219
disco,disco.00084.wav,30.00018140589569,22050,1.2617607116699219
disco,disco.00085.wav,30.00018140589569,22050,1.2617607116699219
disco,disco.00086.wav,30.00018140589569,22050,1.2617607116699219
disco,disco.00087.wav,30.00018140589569,22050,1.2617607116699219
disco,disco.00088.wav,30.00018140589569,22050,1.2617607116699219
disco,disco.00089.wav,30.00018140589569,22050,1.2617607116699219
disco,disco.00090.wav,30.00018140589569,22050,1.2617607116699219
disco,disco.00091.wav,30.00018140589569,22050,1.2617607116699219
disco,disco.00092.wav,30.00018140589569,22050,1.2617607116699219
disco,disco.00093.wav,30.00018140589569,22050,1.2617607116699219
disco,disco.00094.wav,30.00018140589569,22050,1.2617607116699219
disco,disco.00095.wav,30.00018140589569,22050,1.2617607116699219
disco,disco.00096.wav,30.00018140589569,22050,1.2617607116699219
disco,disco.00097.wav,30.00018140589569,22050,1.2617607116699219
disco,disco.00098.wav,30.00018140589569,22050,1.2617607116699219
disco,disco.00099.wav,30.00018140589569,22050,1.2617607116699219
hiphop,hiphop.00000.wav,30.00018140589569,22050,1.2617607116699219
hiphop,hiphop.00001.wav,30.00018140589569,22050,1.2617607116699219
hiphop,hiphop.00002.wav,30.00018140589569,22050,1.2617607116699219
hiphop,hiphop.00003.wav,30.00018140589569,22050,1.2617607116699219
hiphop,hiphop.00004.wav,30.00018140589569,22050,1.2617607116699219
hiphop,hiphop.00005.wav,30.00018140589569,22050,1.2617607116699219
hiphop,hiphop.00006.wav,30.00018140589569,22050,1.2617607116699219
hiphop,hiphop.00007.wav,30.00018140589569,22050,1.2617607116699219
hiphop,hiphop.00008.wav,30.013333333333332,22050,1.2623138427734375
hiphop,hiphop.00009.wav,30.013333333333332,22050,1.2623138427734375
hiphop,hiphop.00010.wav,30.013333333333332,22050,1.2623138427734375
hiphop,hiphop.00011.wav,30.013333333333332,22050,1.2623138427734375
hiphop,hiphop.00012.wav,30.013333333333332,22050,1.2623138427734375
hiphop,hiphop.00013.wav,30.013333333333332,22050,1.2623138427734375
hiphop,hiphop.00014.wav,30.013333333333332,22050,1.2623138427734375
hiphop,hiphop.00015.wav,30.013333333333332,22050,1.2623138427734375
hiphop,hiphop.00016.wav,30.013333333333332,22050,1.2623138427734375
hiphop,hiphop.00017.wav,30.013333333333332,22050,1.2623138427734375
hiphop,hiphop.00018.wav,30.013333333333332,22050,1.2623138427734375
hiphop,hiphop.00019.wav,30.013333333333332,22050,1.2623138427734375
hiphop,hiphop.00020.wav,30.013333333333332,22050,1.2623138427734375
hiphop,hiphop.00021.wav,30.013333333333332,22050,1.2623138427734375
hiphop,hiphop.00022.wav,30.013333333333332,22050,1.2623138427734375
hiphop,hiphop.00023.wav,30.013333333333332,22050,1.2623138427734375
hiphop,hiphop.00024.wav,30.013333333333332,22050,1.2623138427734375
hiphop,hiphop.00025.wav,30.013333333333332,22050,1.2623138427734375
hiphop,hiphop.00026.wav,30.370975056689343,22050,1.2773551940917969
hiphop,hiphop.00027.wav,30.131519274376416,22050,1.2672843933105469
hiphop,hiphop.00028.wav,30.00798185941043,22050,1.2620887756347656
hiphop,hiphop.00029.wav,30.351020408163265,22050,1.2765159606933594
hiphop,hiphop.00030.wav,30.011791383219954,22050,1.2622489929199219
hiphop,hiphop.00031.wav,29.995827664399094,22050,1.2615776062011719
hiphop,hiphop.00032.wav,29.931972789115648,22050,1.2588920593261719
hiphop,hiphop.00033.wav,30.17142857142857,22050,1.2689628601074219
hiphop,hiphop.00034.wav,30.281179138321995,22050,1.2735786437988281
hiphop,hiphop.00035.wav,30.301133786848073,22050,1.2744178771972656
hiphop,hiphop.00036.wav,30.648888888888887,22050,1.2890434265136719
hiphop,hiphop.00037.wav,30.648888888888887,22050,1.2890434265136719
hiphop,hiphop.00038.wav,30.648888888888887,22050,1.2890434265136719
hiphop,hiphop.00039.wav,30.648888888888887,22050,1.2890434265136719
hiphop,hiphop.00040.wav,30.648888888888887,22050,1.2890434265136719
hiphop,hiphop.00041.wav,30.648888888888887,22050,1.2890434265136719
hiphop,hiphop.00042.wav,30.648888888888887,22050,1.2890434265136719
hiphop,hiphop.00043.wav,30.648888888888887,22050,1.2890434265136719
hiphop,hiphop.00044.wav,30.648888888888887,22050,1.2890434265136719
hiphop,hiphop.00045.wav,30.648888888888887,22050,1.2890434265136719
hiphop,hiphop.00046.wav,30.013333333333332,22050,1.2623138427734375
hiphop,hiphop.00047.wav,30.013333333333332,22050,1.2623138427734375
hiphop,hiphop.00048.wav,30.013333333333332,22050,1.2623138427734375
hiphop,hiphop.00049.wav,30.013333333333332,22050,1.2623138427734375
hiphop,hiphop.00050.wav,30.013333333333332,22050,1.2623138427734375
hiphop,hiphop.00051.wav,30.013333333333332,22050,1.2623138427734375
hiphop,hiphop.00052.wav,30.013333333333332,22050,1.2623138427734375
hiphop,hiphop.00053.wav,30.013333333333332,22050,1.2623138427734375
hiphop,hiphop.00054.wav,30.013333333333332,22050,1.2623138427734375
hiphop,hiphop.00055.wav,30.013333333333332,22050,1.2623138427734375
hiphop,hiphop.00056.wav,30.013333333333332,22050,1.2623138427734375
hiphop,hiphop.00057.wav,30.013333333333332,22050,1.2623138427734375
hiphop,hiphop.00058.wav,30.013333333333332,22050,1.2623138427734375
hiphop,hiphop.00059.wav,30.013333333333332,22050,1.2623138427734375
hiphop,hiphop.00060.wav,30.013333333333332,22050,1.2623138427734375
hiphop,hiphop.00061.wav,30.013333333333332,22050,1.2623138427734375
hiphop,hiphop.00062.wav,30.013333333333332,22050,1.2623138427734375
hiphop,hiphop.00063.wav,30.013333333333332,22050,1.2623138427734375
hiphop,hiphop.00064.wav,30.013333333333332,22050,1.2623138427734375
hiphop,hiphop.00065.wav,30.013333333333332,22050,1.2623138427734375
hiphop,hiphop.00066.wav,30.013333333333332,22050,1.2623138427734375
hiphop,hiphop.00067.wav,30.013333333333332,22050,1.2623138427734375
hiphop,hiphop.00068.wav,30.013333333333332,22050,1.2623138427734375
hiphop,hiphop.00069.wav,30.013333333333332,22050,1.2623138427734375
hiphop,hiphop.00070.wav,30.013333333333332,22050,1.2623138427734375
hiphop,hiphop.00071.wav,30.013333333333332,22050,1.2623138427734375
hiphop,hiphop.00072.wav,30.013333333333332,22050,1.2623138427734375
hiphop,hiphop.00073.wav,30.013333333333332,22050,1.2623138427734375
hiphop,hiphop.00074.wav,30.013333333333332,22050,1.2623138427734375
hiphop,hiphop.00075.wav,30.013333333333332,22050,1.2623138427734375
hiphop,hiphop.00076.wav,30.00018140589569,22050,1.2617607116699219
hiphop,hiphop.00077.wav,30.00018140589569,22050,1.2617607116699219
hiphop,hiphop.00078.wav,30.00018140589569,22050,1.2617607116699219
hiphop,hiphop.00079.wav,30.00018140589569,22050,1.2617607116699219
hiphop,hiphop.00080.wav,30.00018140589569,22050,1.2617607116699219
hiphop,hiphop.00081.wav,30.013333333333332,22050,1.2623138427734375
hiphop,hiphop.00082.wav,30.013333333333332,22050,1.2623138427734375
hiphop,hiphop.00083.wav,30.013333333333332,22050,1.2623138427734375
hiphop,hiphop.00084.wav,30.013333333333332,22050,1.2623138427734375
hiphop,hiphop.00085.wav,30.013333333333332,22050,1.2623138427734375
hiphop,hiphop.00086.wav,30.013333333333332,22050,1.2623138427734375
hiphop,hiphop.00087.wav,30.013333333333332,22050,1.2623138427734375
hiphop,hiphop.00088.wav,30.013333333333332,22050,1.2623138427734375
hiphop,hiphop.00089.wav,30.013333333333332,22050,1.2623138427734375
hiphop,hiphop.00090.wav,30.013333333333332,22050,1.2623138427734375
hiphop,hiphop.00091.wav,30.013333333333332,22050,1.2623138427734375
hiphop,hiphop.00092.wav,30.013333333333332,22050,1.2623138427734375
hiphop,hiphop.00093.wav,30.013333333333332,22050,1.2623138427734375
hiphop,hiphop.00094.wav,30.013333333333332,22050,1.2623138427734375
hiphop,hiphop.00095.wav,30.013333333333332,22050,1.2623138427734375
hiphop,hiphop.00096.wav,30.013333333333332,22050,1.2623138427734375
hiphop,hiphop.00097.wav,30.013333333333332,22050,1.2623138427734375
hiphop,hiphop.00098.wav,30.013333333333332,22050,1.2623138427734375
hiphop,hiphop.00099.wav,30.00018140589569,22050,1.2617607116699219
jazz,jazz.00000.wav,30.013333333333332,22050,1.2623138427734375
jazz,jazz.00001.wav,30.013333333333332,22050,1.2623138427734375
jazz,jazz.00002.wav,30.013333333333332,22050,1.2623138427734375
jazz,jazz.00003.wav,30.013333333333332,22050,1.2623138427734375
jazz,jazz.00004.wav,30.013333333333332,22050,1.2623138427734375
jazz,jazz.00005.wav,30.013333333333332,22050,1.2623138427734375
jazz,jazz.00006.wav,30.013333333333332,22050,1.2623138427734375
jazz,jazz.00007.wav,30.013333333333332,22050,1.2623138427734375
jazz,jazz.00008.wav,30.013333333333332,22050,1.2623138427734375
jazz,jazz.00009.wav,30.013333333333332,22050,1.2623138427734375
jazz,jazz.00010.wav,30.013333333333332,22050,1.2623138427734375
jazz,jazz.00011.wav,30.013333333333332,22050,1.2623138427734375
jazz,jazz.00012.wav,30.013333333333332,22050,1.2623138427734375
jazz,jazz.00013.wav,30.013333333333332,22050,1.2623138427734375
jazz,jazz.00014.wav,30.013333333333332,22050,1.2623138427734375
jazz,jazz.00015.wav,30.013333333333332,22050,1.2623138427734375
jazz,jazz.00016.wav,30.013333333333332,22050,1.2623138427734375
jazz,jazz.00017.wav,30.013333333333332,22050,1.2623138427734375
jazz,jazz.00018.wav,30.013333333333332,22050,1.2623138427734375
jazz,jazz.00019.wav,30.013333333333332,22050,1.2623138427734375
jazz,jazz.00020.wav,30.013333333333332,22050,1.2623138427734375
jazz,jazz.00021.wav,30.013333333333332,22050,1.2623138427734375
jazz,jazz.00022.wav,30.013333333333332,22050,1.2623138427734375
jazz,jazz.00023.wav,30.013333333333332,22050,1.2623138427734375
jazz,jazz.00024.wav,30.013333333333332,22050,1.2623138427734375
jazz,jazz.00025.wav,30.013333333333332,22050,1.2623138427734375
jazz,jazz.00026.wav,30.013333333333332,22050,1.2623138427734375
jazz,jazz.00027.wav,30.013333333333332,22050,1.2623138427734375
jazz,jazz.00028.wav,30.013333333333332,22050,1.2623138427734375
jazz,jazz.00029.wav,30.013333333333332,22050,1.2623138427734375
jazz,jazz.00030.wav,30.013333333333332,22050,1.2623138427734375
jazz,jazz.00031.wav,30.013333333333332,22050,1.2623138427734375
jazz,jazz.00032.wav,30.013333333333332,22050,1.2623138427734375
jazz,jazz.00033.wav,30.013333333333332,22050,1.2623138427734375
jazz,jazz.00034.wav,30.013333333333332,22050,1.2623138427734375
jazz,jazz.00035.wav,30.013333333333332,22050,1.2623138427734375
jazz,jazz.00036.wav,30.013333333333332,22050,1.2623138427734375
jazz,jazz.00037.wav,30.013333333333332,22050,1.2623138427734375
jazz,jazz.00038.wav,30.013333333333332,22050,1.2623138427734375
jazz,jazz.00039.wav,30.013333333333332,22050,1.2623138427734375
jazz,jazz.00040.wav,30.013333333333332,22050,1.2623138427734375
jazz,jazz.00041.wav,30.013333333333332,22050,1.2623138427734375
jazz,jazz.00042.wav,30.013333333333332,22050,1.2623138427734375
jazz,jazz.00043.wav,30.013333333333332,22050,1.2623138427734375
jazz,jazz.00044.wav,30.013333333333332,22050,1.2623138427734375
jazz,jazz.00045.wav,30.013333333333332,22050,1.2623138427734375
jazz,jazz.00046.wav,30.013333333333332,22050,1.2623138427734375
jazz,jazz.00047.wav,30.013333333333332,22050,1.2623138427734375
jazz,jazz.00048.wav,30.013333333333332,22050,1.2623138427734375
jazz,jazz.00049.wav,30.00798185941043,22050,1.2620887756347656
jazz,jazz.00050.wav,30.351020408163265,22050,1.2765159606933594
jazz,jazz.00051.wav,30.013333333333332,22050,1.2623138427734375
jazz,jazz.00052.wav,30.201360544217685,22050,1.2702217102050781
jazz,jazz.00053.wav,30.013333333333332,22050,1.2623138427734375
jazz,jazz.00055.wav,30.013333333333332,22050,1.2623138427734375
jazz,jazz.00056.wav,30.17142857142857,22050,1.2689628601074219
jazz,jazz.00057.wav,30.013333333333332,22050,1.2623138427734375
jazz,jazz.00058.wav,30.013333333333332,22050,1.2623138427734375
jazz,jazz.00059.wav,30.480725623582767,22050,1.2819709777832031
jazz,jazz.00060.wav,30.013333333333332,22050,1.2623138427734375
jazz,jazz.00061.wav,30.24126984126984,22050,1.2719001770019531
jazz,jazz.00062.wav,30.013333333333332,22050,1.2623138427734375
jazz,jazz.00063.wav,30.351020408163265,22050,1.2765159606933594
jazz,jazz.00064.wav,30.021768707482995,22050,1.2626686096191406
jazz,jazz.00065.wav,30.013333333333332,22050,1.2623138427734375
jazz,jazz.00066.wav,30.27120181405896,22050,1.2731590270996094
jazz,jazz.00067.wav,30.013333333333332,22050,1.2623138427734375
jazz,jazz.00068.wav,30.013333333333332,22050,1.2623138427734375
jazz,jazz.00069.wav,30.013333333333332,22050,1.2623138427734375
jazz,jazz.00070.wav,30.013333333333332,22050,1.2623138427734375
jazz,jazz.00071.wav,30.013333333333332,22050,1.2623138427734375
jazz,jazz.00072.wav,30.013333333333332,22050,1.2623138427734375
jazz,jazz.00073.wav,30.013333333333332,22050,1.2623138427734375
jazz,jazz.00074.wav,30.013333333333332,22050,1.2623138427734375
jazz,jazz.00075.wav,30.013333333333332,22050,1.2623138427734375
jazz,jazz.00076.wav,30.013333333333332,22050,1.2623138427734375
jazz,jazz.00077.wav,30.013333333333332,22050,1.2623138427734375
jazz,jazz.00078.wav,30.013333333333332,22050,1.2623138427734375
jazz,jazz.00079.wav,30.013333333333332,22050,1.2623138427734375
jazz,jazz.00080.wav,30.013333333333332,22050,1.2623138427734375
jazz,jazz.00081.wav,30.013333333333332,22050,1.2623138427734375
jazz,jazz.00082.wav,30.013333333333332,22050,1.2623138427734375
jazz,jazz.00083.wav,30.013333333333332,22050,1.2623138427734375
jazz,jazz.00084.wav,30.013333333333332,22050,1.2623138427734375
jazz,jazz.00085.wav,30.013333333333332,22050,1.2623138427734375
jazz,jazz.00086.wav,30.013333333333332,22050,1.2623138427734375
jazz,jazz.00087.wav,30.013333333333332,22050,1.2623138427734375
jazz,jazz.00088.wav,30.013333333333332,22050,1.2623138427734375
jazz,jazz.00089.wav,30.013333333333332,22050,1.2623138427734375
jazz,jazz.00090.wav,30.013333333333332,22050,1.2623138427734375
jazz,jazz.00091.wav,30.013333333333332,22050,1.2623138427734375
jazz,jazz.00092.wav,30.013333333333332,22050,1.2623138427734375
jazz,jazz.00093.wav,30.013333333333332,22050,1.2623138427734375
jazz,jazz.00094.wav,30.013333333333332,22050,1.2623138427734375
jazz,jazz.00095.wav,30.013333333333332,22050,1.2623138427734375
jazz,jazz.00096.wav,30.013333333333332,22050,1.2623138427734375
jazz,jazz.00097.wav,30.013333333333332,22050,1.2623138427734375
jazz,jazz.00098.wav,30.013333333333332,22050,1.2623138427734375
jazz,jazz.00099.wav,30.013333333333332,22050,1.2623138427734375
metal,metal.00000.wav,30.00018140589569,22050,1.2617607116699219
metal,metal.00001.wav,30.00018140589569,22050,1.2617607116699219
metal,metal.00002.wav,30.00018140589569,22050,1.2617607116699219
metal,metal.00003.wav,30.00018140589569,22050,1.2617607116699219
metal,metal.00004.wav,30.00018140589569,22050,1.2617607116699219
metal,metal.00005.wav,30.00018140589569,22050,1.2617607116699219
metal,metal.00006.wav,30.00018140589569,22050,1.2617607116699219
metal,metal.00007.wav,30.00018140589569,22050,1.2617607116699219
metal,metal.00008.wav,30.00018140589569,22050,1.2617607116699219
metal,metal.00009.wav,30.00018140589569,22050,1.2617607116699219
metal,metal.00010.wav,30.00018140589569,22050,1.2617607116699219
metal,metal.00011.wav,30.00018140589569,22050,1.2617607116699219
metal,metal.00012.wav,30.00018140589569,22050,1.2617607116699219
metal,metal.00013.wav,30.00018140589569,22050,1.2617607116699219
metal,metal.00014.wav,30.00018140589569,22050,1.2617607116699219
metal,metal.00015.wav,30.00018140589569,22050,1.2617607116699219
metal,metal.00016.wav,30.00018140589569,22050,1.2617607116699219
metal,metal.00017.wav,30.00018140589569,22050,1.2617607116699219
metal,metal.00018.wav,30.00018140589569,22050,1.2617607116699219
metal,metal.00019.wav,30.00018140589569,22050,1.2617607116699219
metal,metal.00020.wav,30.00018140589569,22050,1.2617607116699219
metal,metal.00021.wav,30.00018140589569,22050,1.2617607116699219
metal,metal.00022.wav,30.00018140589569,22050,1.2617607116699219
metal,metal.00023.wav,30.00018140589569,22050,1.2617607116699219
metal,metal.00024.wav,30.00018140589569,22050,1.2617607116699219
metal,metal.00025.wav,30.00018140589569,22050,1.2617607116699219
metal,metal.00026.wav,30.00018140589569,22050,1.2617607116699219
metal,metal.00027.wav,30.00018140589569,22050,1.2617607116699219
metal,metal.00028.wav,30.00018140589569,22050,1.2617607116699219
metal,metal.00029.wav,30.00018140589569,22050,1.2617607116699219
metal,metal.00030.wav,30.00018140589569,22050,1.2617607116699219
metal,metal.00031.wav,30.00018140589569,22050,1.2617607116699219
metal,metal.00032.wav,30.00018140589569,22050,1.2617607116699219
metal,metal.00033.wav,30.00018140589569,22050,1.2617607116699219
metal,metal.00034.wav,30.00018140589569,22050,1.2617607116699219
metal,metal.00035.wav,30.00018140589569,22050,1.2617607116699219
metal,metal.00036.wav,30.00018140589569,22050,1.2617607116699219
metal,metal.00037.wav,30.00018140589569,22050,1.2617607116699219
metal,metal.00038.wav,30.00018140589569,22050,1.2617607116699219
metal,metal.00039.wav,30.00018140589569,22050,1.2617607116699219
metal,metal.00040.wav,30.013333333333332,22050,1.2623138427734375
metal,metal.00041.wav,30.013333333333332,22050,1.2623138427734375
metal,metal.00042.wav,30.013333333333332,22050,1.2623138427734375
metal,metal.00043.wav,30.013333333333332,22050,1.2623138427734375
metal,metal.00044.wav,30.013333333333332,22050,1.2623138427734375
metal,metal.00045.wav,30.013333333333332,22050,1.2623138427734375
metal,metal.00046.wav,30.013333333333332,22050,1.2623138427734375
metal,metal.00047.wav,30.013333333333332,22050,1.2623138427734375
metal,metal.00048.wav,30.013333333333332,22050,1.2623138427734375
metal,metal.00049.wav,30.013333333333332,22050,1.2623138427734375
metal,metal.00050.wav,30.013333333333332,22050,1.2623138427734375
metal,metal.00051.wav,30.013333333333332,22050,1.2623138427734375
metal,metal.00052.wav,30.013333333333332,22050,1.2623138427734375
metal,metal.00053.wav,30.013333333333332,22050,1.2623138427734375
metal,metal.00054.wav,30.013333333333332,22050,1.2623138427734375
metal,metal.00055.wav,30.013333333333332,22050,1.2623138427734375
metal,metal.00056.wav,30.013333333333332,22050,1.2623138427734375
metal,metal.00057.wav,30.013333333333332,22050,1.2623138427734375
metal,metal.00058.wav,30.013333333333332,22050,1.2623138427734375
metal,metal.00059.wav,30.013333333333332,22050,1.2623138427734375
metal,metal.00060.wav,30.013333333333332,22050,1.2623138427734375
metal,metal.00061.wav,30.013333333333332,22050,1.2623138427734375
metal,metal.00062.wav,30.013333333333332,22050,1.2623138427734375
metal,metal.00063.wav,30.013333333333332,22050,1.2623138427734375
metal,metal.00064.wav,30.013333333333332,22050,1.2623138427734375
metal,metal.00065.wav,30.013333333333332,22050,1.2623138427734375
metal,metal.00066.wav,30.013333333333332,22050,1.2623138427734375
metal,metal.00067.wav,30.00018140589569,22050,1.2617607116699219
metal,metal.00068.wav,30.00018140589569,22050,1.2617607116699219
metal,metal.00069.wav,30.00018140589569,22050,1.2617607116699219
metal,metal.00070.wav,30.00018140589569,22050,1.2617607116699219
metal,metal.00071.wav,30.00018140589569,22050,1.2617607116699219
metal,metal.00072.wav,30.00018140589569,22050,1.2617607116699219
metal,metal.00073.wav,30.00018140589569,22050,1.2617607116699219
metal,metal.00074.wav,30.00018140589569,22050,1.2617607116699219
metal,metal.00075.wav,30.00018140589569,22050,1.2617607116699219
metal,metal.00076.wav,30.00018140589569,22050,1.2617607116699219
metal,metal.00077.wav,30.00018140589569,22050,1.2617607116699219
metal,metal.00078.wav,30.00018140589569,22050,1.2617607116699219
metal,metal.00079.wav,30.00018140589569,22050,1.2617607116699219
metal,metal.00080.wav,30.00018140589569,22050,1.2617607116699219
metal,metal.00081.wav,30.00018140589569,22050,1.2617607116699219
metal,metal.00082.wav,30.00018140589569,22050,1.2617607116699219
metal,metal.00083.wav,30.00018140589569,22050,1.2617607116699219
metal,metal.00084.wav,30.00018140589569,22050,1.2617607116699219
metal,metal.00085.wav,30.00018140589569,22050,1.2617607116699219
metal,metal.00086.wav,30.00018140589569,22050,1.2617607116699219
metal,metal.00087.wav,30.00018140589569,22050,1.2617607116699219
metal,metal.00088.wav,30.00018140589569,22050,1.2617607116699219
metal,metal.00089.wav,30.00018140589569,22050,1.2617607116699219
metal,metal.00090.wav,30.00018140589569,22050,1.2617607116699219
metal,metal.00091.wav,30.00018140589569,22050,1.2617607116699219
metal,metal.00092.wav,30.00018140589569,22050,1.2617607116699219
metal,metal.00093.wav,30.00018140589569,22050,1.2617607116699219
metal,metal.00094.wav,30.00018140589569,22050,1.2617607116699219
metal,metal.00095.wav,30.013333333333332,22050,1.2623138427734375
metal,metal.00096.wav,30.013333333333332,22050,1.2623138427734375
metal,metal.00097.wav,30.013333333333332,22050,1.2623138427734375
metal,metal.00098.wav,30.013333333333332,22050,1.2623138427734375
metal,metal.00099.wav,30.013333333333332,22050,1.2623138427734375
pop,pop.00000.wav,30.00018140589569,22050,1.2617607116699219
pop,pop.00001.wav,30.00018140589569,22050,1.2617607116699219
pop,pop.00002.wav,30.00018140589569,22050,1.2617607116699219
pop,pop.00003.wav,30.00018140589569,22050,1.2617607116699219
pop,pop.00004.wav,30.00018140589569,22050,1.2617607116699219
pop,pop.00005.wav,30.00018140589569,22050,1.2617607116699219
pop,pop.00006.wav,30.00018140589569,22050,1.2617607116699219
pop,pop.00007.wav,30.00018140589569,22050,1.2617607116699219
pop,pop.00008.wav,30.00018140589569,22050,1.2617607116699219
pop,pop.00009.wav,30.00018140589569,22050,1.2617607116699219
pop,pop.00010.wav,30.00018140589569,22050,1.2617607116699219
pop,pop.00011.wav,30.00018140589569,22050,1.2617607116699219
pop,pop.00012.wav,30.00018140589569,22050,1.2617607116699219
pop,pop.00013.wav,30.00018140589569,22050,1.2617607116699219
pop,pop.00014.wav,30.00018140589569,22050,1.2617607116699219
pop,pop.00015.wav,30.00018140589569,22050,1.2617607116699219
pop,pop.00016.wav,30.00018140589569,22050,1.2617607116699219
pop,pop.00017.wav,30.00018140589569,22050,1.2617607116699219
pop,pop.00018.wav,30.00018140589569,22050,1.2617607116699219
pop,pop.00019.wav,30.00018140589569,22050,1.2617607116699219
pop,pop.00020.wav,30.00018140589569,22050,1.2617607116699219
pop,pop.00021.wav,30.00018140589569,22050,1.2617607116699219
pop,pop.00022.wav,30.00018140589569,22050,1.2617607116699219
pop,pop.00023.wav,30.00018140589569,22050,1.2617607116699219
pop,pop.00024.wav,30.00018140589569,22050,1.2617607116699219
pop,pop.00025.wav,30.00018140589569,22050,1.2617607116699219
pop,pop.00026.wav,30.00018140589569,22050,1.2617607116699219
pop,pop.00027.wav,30.00018140589569,22050,1.2617607116699219
pop,pop.00028.wav,30.00018140589569,22050,1.2617607116699219
pop,pop.00029.wav,30.00018140589569,22050,1.2617607116699219
pop,pop.00030.wav,30.00018140589569,22050,1.2617607116699219
pop,pop.00031.wav,30.00018140589569,22050,1.2617607116699219
pop,pop.00032.wav,30.00018140589569,22050,1.2617607116699219
pop,pop.00033.wav,30.00018140589569,22050,1.2617607116699219
pop,pop.00034.wav,30.00018140589569,22050,1.2617607116699219
pop,pop.00035.wav,30.00018140589569,22050,1.2617607116699219
pop,pop.00036.wav,30.00018140589569,22050,1.2617607116699219
pop,pop.00037.wav,30.00018140589569,22050,1.2617607116699219
pop,pop.00038.wav,30.00018140589569,22050,1.2617607116699219
pop,pop.00039.wav,30.00018140589569,22050,1.2617607116699219
pop,pop.00040.wav,30.00018140589569,22050,1.2617607116699219
pop,pop.00041.wav,30.00018140589569,22050,1.2617607116699219
pop,pop.00042.wav,30.00018140589569,22050,1.2617607116699219
pop,pop.00043.wav,30.00018140589569,22050,1.2617607116699219
pop,pop.00044.wav,30.00018140589569,22050,1.2617607116699219
pop,pop.00045.wav,30.00018140589569,22050,1.2617607116699219
pop,pop.00046.wav,30.00018140589569,22050,1.2617607116699219
pop,pop.00047.wav,30.00018140589569,22050,1.2617607116699219
pop,pop.00048.wav,30.00018140589569,22050,1.2617607116699219
pop,pop.00049.wav,30.00018140589569,22050,1.2617607116699219
pop,pop.00050.wav,30.00018140589569,22050,1.2617607116699219
pop,pop.00051.wav,30.00018140589569,22050,1.2617607116699219
pop,pop.00052.wav,30.00018140589569,22050,1.2617607116699219
pop,pop.00053.wav,30.00018140589569,22050,1.2617607116699219
pop,pop.00054.wav,30.00018140589569,22050,1.2617607116699219
pop,pop.00055.wav,30.00018140589569,22050,1.2617607116699219
pop,pop.00056.wav,30.00018140589569,22050,1.2617607116699219
pop,pop.00057.wav,30.00018140589569,22050,1.2617607116699219
pop,pop.00058.wav,30.00018140589569,22050,1.2617607116699219
pop,pop.00059.wav,30.00018140589569,22050,1.2617607116699219
pop,pop.00060.wav,30.00018140589569,22050,1.2617607116699219
pop,pop.00061.wav,30.00018140589569,22050,1.2617607116699219
pop,pop.00062.wav,30.00018140589569,22050,1.2617607116699219
pop,pop.00063.wav,30.00018140589569,22050,1.2617607116699219
pop,pop.00064.wav,30.00018140589569,22050,1.2617607116699219
pop,pop.00065.wav,30.00018140589569,22050,1.2617607116699219
pop,pop.00066.wav,30.00018140589569,22050,1.2617607116699219
pop,pop.00067.wav,30.00018140589569,22050,1.2617607116699219
pop,pop.00068.wav,30.00018140589569,22050,1.2617607116699219
pop,pop.00069.wav,30.00018140589569,22050,1.2617607116699219
pop,pop.00070.wav,30.00018140589569,22050,1.2617607116699219
pop,pop.00071.wav,30.00018140589569,22050,1.2617607116699219
pop,pop.00072.wav,30.00018140589569,22050,1.2617607116699219
pop,pop.00073.wav,30.00018140589569,22050,1.2617607116699219
pop,pop.00074.wav,30.00018140589569,22050,1.2617607116699219
pop,pop.00075.wav,30.00018140589569,22050,1.2617607116699219
pop,pop.00076.wav,30.00018140589569,22050,1.2617607116699219
pop,pop.00077.wav,30.00018140589569,22050,1.2617607116699219
pop,pop.00078.wav,30.00018140589569,22050,1.2617607116699219
pop,pop.00079.wav,30.00018140589569,22050,1.2617607116699219
pop,pop.00080.wav,30.00018140589569,22050,1.2617607116699219
pop,pop.00081.wav,30.00018140589569,22050,1.2617607116699219
pop,pop.00082.wav,30.00018140589569,22050,1.2617607116699219
pop,pop.00083.wav,30.00018140589569,22050,1.2617607116699219
pop,pop.00084.wav,30.00018140589569,22050,1.2617607116699219
pop,pop.00085.wav,30.00018140589569,22050,1.2617607116699219
pop,pop.00086.wav,30.00018140589569,22050,1.2617607116699219
pop,pop.00087.wav,30.00018140589569,22050,1.2617607116699219
pop,pop.00088.wav,30.00018140589569,22050,1.2617607116699219
pop,pop.00089.wav,30.00018140589569,22050,1.2617607116699219
pop,pop.00090.wav,30.00018140589569,22050,1.2617607116699219
pop,pop.00091.wav,30.00018140589569,22050,1.2617607116699219
pop,pop.00092.wav,30.00018140589569,22050,1.2617607116699219
pop,pop.00093.wav,30.00018140589569,22050,1.2617607116699219
pop,pop.00094.wav,30.00018140589569,22050,1.2617607116699219
pop,pop.00095.wav,30.00018140589569,22050,1.2617607116699219
pop,pop.00096.wav,30.00018140589569,22050,1.2617607116699219
pop,pop.00097.wav,30.00018140589569,22050,1.2617607116699219
pop,pop.00098.wav,30.00018140589569,22050,1.2617607116699219
pop,pop.00099.wav,30.00018140589569,22050,1.2617607116699219
reggae,reggae.00000.wav,30.013333333333332,22050,1.2623138427734375
reggae,reggae.00001.wav,30.013333333333332,22050,1.2623138427734375
reggae,reggae.00002.wav,30.013333333333332,22050,1.2623138427734375
reggae,reggae.00003.wav,30.013333333333332,22050,1.2623138427734375
reggae,reggae.00004.wav,30.013333333333332,22050,1.2623138427734375
reggae,reggae.00005.wav,30.013333333333332,22050,1.2623138427734375
reggae,reggae.00006.wav,30.013333333333332,22050,1.2623138427734375
reggae,reggae.00007.wav,30.013333333333332,22050,1.2623138427734375
reggae,reggae.00008.wav,30.013333333333332,22050,1.2623138427734375
reggae,reggae.00009.wav,30.013333333333332,22050,1.2623138427734375
reggae,reggae.00010.wav,30.013333333333332,22050,1.2623138427734375
reggae,reggae.00011.wav,30.013333333333332,22050,1.2623138427734375
reggae,reggae.00012.wav,30.013333333333332,22050,1.2623138427734375
reggae,reggae.00013.wav,30.013333333333332,22050,1.2623138427734375
reggae,reggae.00014.wav,30.013333333333332,22050,1.2623138427734375
reggae,reggae.00015.wav,30.013333333333332,22050,1.2623138427734375
reggae,reggae.00016.wav,30.013333333333332,22050,1.2623138427734375
reggae,reggae.00017.wav,30.013333333333332,22050,1.2623138427734375
reggae,reggae.00018.wav,30.013333333333332,22050,1.2623138427734375
reggae,reggae.00019.wav,30.013333333333332,22050,1.2623138427734375
reggae,reggae.00020.wav,30.013333333333332,22050,1.2623138427734375
reggae,reggae.00021.wav,30.013333333333332,22050,1.2623138427734375
reggae,reggae.00022.wav,30.013333333333332,22050,1.2623138427734375
reggae,reggae.00023.wav,30.013333333333332,22050,1.2623138427734375
reggae,reggae.00024.wav,30.013333333333332,22050,1.2623138427734375
reggae,reggae.00025.wav,30.013333333333332,22050,1.2623138427734375
reggae,reggae.00026.wav,30.013333333333332,22050,1.2623138427734375
reggae,reggae.00027.wav,30.013333333333332,22050,1.2623138427734375
reggae,reggae.00028.wav,30.013333333333332,22050,1.2623138427734375
reggae,reggae.00029.wav,30.013333333333332,22050,1.2623138427734375
reggae,reggae.00030.wav,30.013333333333332,22050,1.2623138427734375
reggae,reggae.00031.wav,30.013333333333332,22050,1.2623138427734375
reggae,reggae.00032.wav,30.013333333333332,22050,1.2623138427734375
reggae,reggae.00033.wav,30.013333333333332,22050,1.2623138427734375
reggae,reggae.00034.wav,30.013333333333332,22050,1.2623138427734375
reggae,reggae.00035.wav,30.013333333333332,22050,1.2623138427734375
reggae,reggae.00036.wav,30.013333333333332,22050,1.2623138427734375
reggae,reggae.00037.wav,30.013333333333332,22050,1.2623138427734375
reggae,reggae.00038.wav,30.013333333333332,22050,1.2623138427734375
reggae,reggae.00039.wav,30.013333333333332,22050,1.2623138427734375
reggae,reggae.00040.wav,30.013333333333332,22050,1.2623138427734375
reggae,reggae.00041.wav,30.00018140589569,22050,1.2617607116699219
reggae,reggae.00042.wav,30.00018140589569,22050,1.2617607116699219
reggae,reggae.00043.wav,30.00018140589569,22050,1.2617607116699219
reggae,reggae.00044.wav,30.00018140589569,22050,1.2617607116699219
reggae,reggae.00045.wav,30.00018140589569,22050,1.2617607116699219
reggae,reggae.00046.wav,30.00018140589569,22050,1.2617607116699219
reggae,reggae.00047.wav,30.00018140589569,22050,1.2617607116699219
reggae,reggae.00048.wav,30.00018140589569,22050,1.2617607116699219
reggae,reggae.00049.wav,30.00018140589569,22050,1.2617607116699219
reggae,reggae.00050.wav,30.00018140589569,22050,1.2617607116699219
reggae,reggae.00051.wav,30.00018140589569,22050,1.2617607116699219
reggae,reggae.00052.wav,30.00018140589569,22050,1.2617607116699219
reggae,reggae.00053.wav,30.00018140589569,22050,1.2617607116699219
reggae,reggae.00054.wav,30.00018140589569,22050,1.2617607116699219
reggae,reggae.00055.wav,30.00018140589569,22050,1.2617607116699219
reggae,reggae.00056.wav,30.00018140589569,22050,1.2617607116699219
reggae,reggae.00057.wav,30.00018140589569,22050,1.2617607116699219
reggae,reggae.00058.wav,30.00018140589569,22050,1.2617607116699219
reggae,reggae.00059.wav,30.00018140589569,22050,1.2617607116699219
reggae,reggae.00060.wav,30.00018140589569,22050,1.2617607116699219
reggae,reggae.00061.wav,30.00018140589569,22050,1.2617607116699219
reggae,reggae.00062.wav,30.00018140589569,22050,1.2617607116699219
reggae,reggae.00063.wav,30.00018140589569,22050,1.2617607116699219
reggae,reggae.00064.wav,30.00018140589569,22050,1.2617607116699219
reggae,reggae.00065.wav,30.00018140589569,22050,1.2617607116699219
reggae,reggae.00066.wav,30.00018140589569,22050,1.2617607116699219
reggae,reggae.00067.wav,30.00018140589569,22050,1.2617607116699219
reggae,reggae.00068.wav,30.00018140589569,22050,1.2617607116699219
reggae,reggae.00069.wav,30.00018140589569,22050,1.2617607116699219
reggae,reggae.00070.wav,30.00018140589569,22050,1.2617607116699219
reggae,reggae.00071.wav,30.00018140589569,22050,1.2617607116699219
reggae,reggae.00072.wav,30.00018140589569,22050,1.2617607116699219
reggae,reggae.00073.wav,30.00018140589569,22050,1.2617607116699219
reggae,reggae.00074.wav,30.00018140589569,22050,1.2617607116699219
reggae,reggae.00075.wav,30.00018140589569,22050,1.2617607116699219
reggae,reggae.00076.wav,30.00018140589569,22050,1.2617607116699219
reggae,reggae.00077.wav,30.00018140589569,22050,1.2617607116699219
reggae,reggae.00078.wav,30.00018140589569,22050,1.2617607116699219
reggae,reggae.00079.wav,30.00018140589569,22050,1.2617607116699219
reggae,reggae.00080.wav,30.00018140589569,22050,1.2617607116699219
reggae,reggae.00081.wav,30.00018140589569,22050,1.2617607116699219
reggae,reggae.00082.wav,30.00018140589569,22050,1.2617607116699219
reggae,reggae.00083.wav,30.00018140589569,22050,1.2617607116699219
reggae,reggae.00084.wav,30.00018140589569,22050,1.2617607116699219
reggae,reggae.00085.wav,30.00018140589569,22050,1.2617607116699219
reggae,reggae.00086.wav,30.00018140589569,22050,1.2617607116699219
reggae,reggae.00087.wav,30.00018140589569,22050,1.2617607116699219
reggae,reggae.00088.wav,30.00018140589569,22050,1.2617607116699219
reggae,reggae.00089.wav,30.00018140589569,22050,1.2617607116699219
reggae,reggae.00090.wav,30.00018140589569,22050,1.2617607116699219
reggae,reggae.00091.wav,30.00018140589569,22050,1.2617607116699219
reggae,reggae.00092.wav,30.00018140589569,22050,1.2617607116699219
reggae,reggae.00093.wav,30.00018140589569,22050,1.2617607116699219
reggae,reggae.00094.wav,30.00018140589569,22050,1.2617607116699219
reggae,reggae.00095.wav,30.00018140589569,22050,1.2617607116699219
reggae,reggae.00096.wav,30.00018140589569,22050,1.2617607116699219
reggae,reggae.00097.wav,30.00018140589569,22050,1.2617607116699219
reggae,reggae.00098.wav,30.00018140589569,22050,1.2617607116699219
reggae,reggae.00099.wav,30.00018140589569,22050,1.2617607116699219
rock,rock.00000.wav,30.013333333333332,22050,1.2623138427734375
rock,rock.00001.wav,30.013333333333332,22050,1.2623138427734375
rock,rock.00002.wav,30.013333333333332,22050,1.2623138427734375
rock,rock.00003.wav,30.013333333333332,22050,1.2623138427734375
rock,rock.00004.wav,30.013333333333332,22050,1.2623138427734375
rock,rock.00005.wav,30.013333333333332,22050,1.2623138427734375
rock,rock.00006.wav,30.013333333333332,22050,1.2623138427734375
rock,rock.00007.wav,30.013333333333332,22050,1.2623138427734375
rock,rock.00008.wav,30.013333333333332,22050,1.2623138427734375
rock,rock.00009.wav,30.013333333333332,22050,1.2623138427734375
rock,rock.00010.wav,30.013333333333332,22050,1.2623138427734375
rock,rock.00011.wav,30.013333333333332,22050,1.2623138427734375
rock,rock.00012.wav,30.013333333333332,22050,1.2623138427734375
rock,rock.00013.wav,30.013333333333332,22050,1.2623138427734375
rock,rock.00014.wav,30.013333333333332,22050,1.2623138427734375
rock,rock.00015.wav,30.013333333333332,22050,1.2623138427734375
rock,rock.00016.wav,30.013333333333332,22050,1.2623138427734375
rock,rock.00017.wav,30.013333333333332,22050,1.2623138427734375
rock,rock.00018.wav,30.013333333333332,22050,1.2623138427734375
rock,rock.00019.wav,30.013333333333332,22050,1.2623138427734375
rock,rock.00020.wav,30.013333333333332,22050,1.2623138427734375
rock,rock.00021.wav,30.013333333333332,22050,1.2623138427734375
rock,rock.00022.wav,30.013333333333332,22050,1.2623138427734375
rock,rock.00023.wav,30.013333333333332,22050,1.2623138427734375
rock,rock.00024.wav,30.013333333333332,22050,1.2623138427734375
rock,rock.00025.wav,30.013333333333332,22050,1.2623138427734375
rock,rock.00026.wav,30.013333333333332,22050,1.2623138427734375
rock,rock.00027.wav,30.0,22050,1.2617530822753906
rock,rock.00028.wav,30.013333333333332,22050,1.2623138427734375
rock,rock.00029.wav,30.013333333333332,22050,1.2623138427734375
rock,rock.00030.wav,30.013333333333332,22050,1.2623138427734375
rock,rock.00031.wav,30.013333333333332,22050,1.2623138427734375
rock,rock.00032.wav,30.400907029478457,22050,1.2786140441894531
rock,rock.00033.wav,30.013333333333332,22050,1.2623138427734375
rock,rock.00034.wav,30.360997732426306,22050,1.2769355773925781
rock,rock.00035.wav,30.013333333333332,22050,1.2623138427734375
rock,rock.00036.wav,30.291156462585032,22050,1.2739982604980469
rock,rock.00037.wav,30.013333333333332,22050,1.2623138427734375
rock,rock.00038.wav,29.995827664399094,22050,1.2615776062011719
rock,rock.00039.wav,30.013333333333332,22050,1.2623138427734375
rock,rock.00040.wav,30.013333333333332,22050,1.2623138427734375
rock,rock.00041.wav,30.013333333333332,22050,1.2623138427734375
rock,rock.00042.wav,30.013333333333332,22050,1.2623138427734375
rock,rock.00043.wav,30.013333333333332,22050,1.2623138427734375
rock,rock.00044.wav,30.013333333333332,22050,1.2623138427734375
rock,rock.00045.wav,30.013333333333332,22050,1.2623138427734375
rock,rock.00046.wav,30.013333333333332,22050,1.2623138427734375
rock,rock.00047.wav,30.013333333333332,22050,1.2623138427734375
rock,rock.00048.wav,30.013333333333332,22050,1.2623138427734375
rock,rock.00049.wav,30.013333333333332,22050,1.2623138427734375
rock,rock.00050.wav,30.013333333333332,22050,1.2623138427734375
rock,rock.00051.wav,30.013333333333332,22050,1.2623138427734375
rock,rock.00052.wav,30.013333333333332,22050,1.2623138427734375
rock,rock.00053.wav,30.013333333333332,22050,1.2623138427734375
rock,rock.00054.wav,30.013333333333332,22050,1.2623138427734375
rock,rock.00055.wav,30.013333333333332,22050,1.2623138427734375
rock,rock.00056.wav,30.013333333333332,22050,1.2623138427734375
rock,rock.00057.wav,30.013333333333332,22050,1.2623138427734375
rock,rock.00058.wav,30.013333333333332,22050,1.2623138427734375
rock,rock.00059.wav,30.013333333333332,22050,1.2623138427734375
rock,rock.00060.wav,30.013333333333332,22050,1.2623138427734375
rock,rock.00061.wav,30.013333333333332,22050,1.2623138427734375
rock,rock.00062.wav,30.013333333333332,22050,1.2623138427734375
rock,rock.00063.wav,30.013333333333332,22050,1.2623138427734375
rock,rock.00064.wav,30.013333333333332,22050,1.2623138427734375
rock,rock.00065.wav,30.013333333333332,22050,1.2623138427734375
rock,rock.00066.wav,30.013333333333332,22050,1.2623138427734375
rock,rock.00067.wav,30.013333333333332,22050,1.2623138427734375
rock,rock.00068.wav,30.013333333333332,22050,1.2623138427734375
rock,rock.00069.wav,30.013333333333332,22050,1.2623138427734375
rock,rock.00070.wav,30.013333333333332,22050,1.2623138427734375
rock,rock.00071.wav,30.013333333333332,22050,1.2623138427734375
rock,rock.00072.wav,30.013333333333332,22050,1.2623138427734375
rock,rock.00073.wav,30.013333333333332,22050,1.2623138427734375
rock,rock.00074.wav,30.013333333333332,22050,1.2623138427734375
rock,rock.00075.wav,30.013333333333332,22050,1.2623138427734375
rock,rock.00076.wav,30.013333333333332,22050,1.2623138427734375
rock,rock.00077.wav,30.013333333333332,22050,1.2623138427734375
rock,rock.00078.wav,30.013333333333332,22050,1.2623138427734375
rock,rock.00079.wav,30.013333333333332,22050,1.2623138427734375
rock,rock.00080.wav,30.013333333333332,22050,1.2623138427734375
rock,rock.00081.wav,30.013333333333332,22050,1.2623138427734375
rock,rock.00082.wav,30.013333333333332,22050,1.2623138427734375
rock,rock.00083.wav,30.013333333333332,22050,1.2623138427734375
rock,rock.00084.wav,30.013333333333332,22050,1.2623138427734375
rock,rock.00085.wav,30.013333333333332,22050,1.2623138427734375
rock,rock.00086.wav,30.013333333333332,22050,1.2623138427734375
rock,rock.00087.wav,30.013333333333332,22050,1.2623138427734375
rock,rock.00088.wav,30.013333333333332,22050,1.2623138427734375
rock,rock.00089.wav,30.013333333333332,22050,1.2623138427734375
rock,rock.00090.wav,30.013333333333332,22050,1.2623138427734375
rock,rock.00091.wav,30.013333333333332,22050,1.2623138427734375
rock,rock.00092.wav,30.013333333333332,22050,1.2623138427734375
rock,rock.00093.wav,30.013333333333332,22050,1.2623138427734375
rock,rock.00094.wav,30.013333333333332,22050,1.2623138427734375
rock,rock.00095.wav,30.013333333333332,22050,1.2623138427734375
rock,rock.00096.wav,30.013333333333332,22050,1.2623138427734375
rock,rock.00097.wav,30.013333333333332,22050,1.2623138427734375
rock,rock.00098.wav,30.013333333333332,22050,1.2623138427734375
rock,rock.00099.wav,30.013333333333332,22050,1.2623138427734375
